{"valueType":"nodes","values":[{"_typeName":"Page","id":"cjudk6lv0003m0739g8taw9j3","subtitle":"Powered by the sun with the best safety record on the planet","updatedAt":"2019-04-12T04:15:48.778Z","createdAt":"2019-04-12T04:15:48.778Z","pageType":"HOME","title":"Qantas Cars"},{"_typeName":"Page","id":"cjudk6pf8004507390di8gohp","subtitle":"Frequently Asked Questions","updatedAt":"2019-04-12T04:15:53.395Z","createdAt":"2019-04-12T04:15:53.395Z","pageType":"FAQ","title":"Qantas Cars"},{"_typeName":"Route","id":"cjudk6lv6003n0739i6385q46","name":"Home","updatedAt":"2019-04-12T04:15:48.778Z","path":"/","exact":true,"createdAt":"2019-04-12T04:15:48.778Z"},{"_typeName":"Route","id":"cjudk6pfc004607395lb5o7gh","name":"FAQs","updatedAt":"2019-04-12T04:15:53.395Z","path":"/faqs","exact":true,"createdAt":"2019-04-12T04:15:53.395Z"},{"_typeName":"FAQPage","id":"cjudk6pfg00480739ugbzmtnt","updatedAt":"2019-04-12T04:15:53.395Z","createdAt":"2019-04-12T04:15:53.395Z"},{"_typeName":"FAQ","id":"cjudk6pfj004a0739nvirmqwb","body":"Model 3 reservation holders can check their latest delivery timing estimate in their Tesla Account.","updatedAt":"2019-04-12T04:15:53.395Z","createdAt":"2019-04-12T04:15:53.395Z","title":"How can I check my estimated delivery window?"},{"_typeName":"FAQ","id":"cjudk6pfn004c0739b18z26sx","body":"<p>Model 3 reservation holders are receiving invitations to order and design Model 3 based on the time and date that they placed their reservation. Current Tesla owners have priority as a thank you for their support.</p><p>Deliveries will start in the United States first, with international deliveries starting in left-hand drive markets in late 2018, followed by right-hand drive markets in 2019.</p>","updatedAt":"2019-04-12T04:15:53.395Z","createdAt":"2019-04-12T04:15:53.395Z","title":"When will I be invited to configure my Model 3, and when can I take delivery?"},{"_typeName":"FAQ","id":"cjudk6pfp004e07391pg79ez8","body":"Our first Model 3 in production comes with a long-range battery, 310 miles of range, rear-wheel drive and premium upgrades throughout, beginning at $49,000 USD. In early 2018, we will introduce the option for a standard battery with 220 miles of range and standard equipment, beginning at $35,000 USD.","updatedAt":"2019-04-12T04:15:53.395Z","createdAt":"2019-04-12T04:15:53.395Z","title":"Which Model 3 features are currently available?"},{"_typeName":"HomePage","id":"cjudk6lva003p0739bpmfizcz","hero":"https://drive.google.com/uc?id=1svw9VdyX4fyRHd1kggq0akDSafmdOS7L","createdAt":"2019-04-12T04:15:48.779Z","updatedAt":"2019-04-12T04:15:48.779Z"}]}