{"valueType":"relations","values":[[{"_typeName":"Route","id":"cjudk6lv6003n0739i6385q46"},{"_typeName":"Page","id":"cjudk6lv0003m0739g8taw9j3","fieldName":"route"}],[{"_typeName":"Route","id":"cjudk6pfc004607395lb5o7gh"},{"_typeName":"Page","id":"cjudk6pf8004507390di8gohp","fieldName":"route"}],[{"_typeName":"Page","id":"cjudk6pf8004507390di8gohp","fieldName":"faqContent"},{"_typeName":"FAQPage","id":"cjudk6pfg00480739ugbzmtnt"}],[{"_typeName":"FAQPage","id":"cjudk6pfg00480739ugbzmtnt","fieldName":"faqs"},{"_typeName":"FAQ","id":"cjudk6pfj004a0739nvirmqwb"}],[{"_typeName":"FAQPage","id":"cjudk6pfg00480739ugbzmtnt","fieldName":"faqs"},{"_typeName":"FAQ","id":"cjudk6pfn004c0739b18z26sx"}],[{"_typeName":"FAQPage","id":"cjudk6pfg00480739ugbzmtnt","fieldName":"faqs"},{"_typeName":"FAQ","id":"cjudk6pfp004e07391pg79ez8"}],[{"_typeName":"Page","id":"cjudk6lv0003m0739g8taw9j3","fieldName":"homeContent"},{"_typeName":"HomePage","id":"cjudk6lva003p0739bpmfizcz"}]]}