{"valueType":"relations","values":[[{"_typeName":"Route","id":"cjudac1bg01230728irwnptg5"},{"_typeName":"Page","id":"cjudac1bb01220728324ny4y1","fieldName":"route"}],[{"_typeName":"Route","id":"cjudaisli014z0728alrv04ks"},{"_typeName":"Page","id":"cjudaisld014y0728kxnqv20a","fieldName":"route"}],[{"_typeName":"Page","id":"cjudaisld014y0728kxnqv20a","fieldName":"faqContent"},{"_typeName":"FAQPage","id":"cjudaisln01510728tzd652f8"}],[{"_typeName":"FAQPage","id":"cjudaisln01510728tzd652f8","fieldName":"faqs"},{"_typeName":"FAQ","id":"cjudaisls01530728utjnbys7"}],[{"_typeName":"FAQPage","id":"cjudaisln01510728tzd652f8","fieldName":"faqs"},{"_typeName":"FAQ","id":"cjudaislw015507285wygnhky"}],[{"_typeName":"FAQPage","id":"cjudaisln01510728tzd652f8","fieldName":"faqs"},{"_typeName":"FAQ","id":"cjudaismb01570728gwcv6i36"}],[{"_typeName":"Page","id":"cjudac1bb01220728324ny4y1","fieldName":"homeContent"},{"_typeName":"HomePage","id":"cjudac1bk01250728iegel6d2"}]]}