{"valueType":"nodes","values":[{"_typeName":"Page","id":"cjudac1bb01220728324ny4y1","subtitle":"Powered by the sun with the best safety record on the planet","updatedAt":"2019-04-11T23:40:05.926Z","createdAt":"2019-04-11T23:40:05.926Z","pageType":"HOME","title":"Qantas Cars"},{"_typeName":"Page","id":"cjudaisld014y0728kxnqv20a","subtitle":"Frequently Asked Questions","updatedAt":"2019-04-11T23:45:21.198Z","createdAt":"2019-04-11T23:45:21.198Z","pageType":"FAQ","title":"Qantas Cars"},{"_typeName":"Route","id":"cjudac1bg01230728irwnptg5","name":"Home","updatedAt":"2019-04-11T23:40:05.926Z","path":"/","exact":true,"createdAt":"2019-04-11T23:40:05.926Z"},{"_typeName":"Route","id":"cjudaisli014z0728alrv04ks","name":"FAQs","updatedAt":"2019-04-11T23:45:21.198Z","path":"/faqs","exact":true,"createdAt":"2019-04-11T23:45:21.198Z"},{"_typeName":"FAQPage","id":"cjudaisln01510728tzd652f8","createdAt":"2019-04-11T23:45:21.200Z","updatedAt":"2019-04-11T23:45:21.200Z"},{"_typeName":"FAQ","id":"cjudaisls01530728utjnbys7","body":"Model 3 reservation holders can check their latest delivery timing estimate in their Tesla Account.","updatedAt":"2019-04-11T23:45:21.216Z","createdAt":"2019-04-11T23:45:21.216Z","title":"How can I check my estimated delivery window?"},{"_typeName":"FAQ","id":"cjudaislw015507285wygnhky","body":"<p>Model 3 reservation holders are receiving invitations to order and design Model 3 based on the time and date that they placed their reservation. Current Tesla owners have priority as a thank you for their support.</p><p>Deliveries will start in the United States first, with international deliveries starting in left-hand drive markets in late 2018, followed by right-hand drive markets in 2019.</p>","updatedAt":"2019-04-11T23:45:21.217Z","createdAt":"2019-04-11T23:45:21.217Z","title":"When will I be invited to configure my Model 3, and when can I take delivery?"},{"_typeName":"FAQ","id":"cjudaismb01570728gwcv6i36","body":"Our first Model 3 in production comes with a long-range battery, 310 miles of range, rear-wheel drive and premium upgrades throughout, beginning at $49,000 USD. In early 2018, we will introduce the option for a standard battery with 220 miles of range and standard equipment, beginning at $35,000 USD.","updatedAt":"2019-04-11T23:45:21.217Z","createdAt":"2019-04-11T23:45:21.217Z","title":"Which Model 3 features are currently available?"},{"_typeName":"HomePage","id":"cjudac1bk01250728iegel6d2","hero":"https://drive.google.com/uc?id=1svw9VdyX4fyRHd1kggq0akDSafmdOS7L","updatedAt":"2019-04-11T23:40:05.927Z","createdAt":"2019-04-11T23:40:05.927Z"}]}